source,record_id,service_date,carrier,flight_number,origin,destination,aircraft_registration,cancelled,diverted,sobt,sibt,aobt,atot,aldt,aibt,origin_timezone,destination_timezone
synthetic,on-time,2026-10-09,DEMO,101,IST,FRA,DEMO-01,0,0,2026-10-09T09:00:00+03:00,2026-10-09T11:00:00+02:00,2026-10-09T08:55:00+03:00,2026-10-09T09:10:00+03:00,2026-10-09T11:05:00+02:00,2026-10-09T11:14:00+02:00,,
synthetic,fifteen-minute-boundary,2026-10-09,DEMO,101,IST,FRA,DEMO-01,0,0,2026-10-09T09:00:00+03:00,2026-10-09T11:00:00+02:00,2026-10-09T08:55:00+03:00,2026-10-09T09:10:00+03:00,2026-10-09T11:05:00+02:00,2026-10-09T11:15:00+02:00,,
synthetic,cancelled,2026-10-09,DEMO,101,IST,FRA,DEMO-01,1,0,2026-10-09T09:00:00+03:00,2026-10-09T11:00:00+02:00,,,,,,
synthetic,gate-return-cancelled,2026-10-09,DEMO,101,IST,FRA,DEMO-01,1,0,2026-10-09T09:00:00+03:00,2026-10-09T11:00:00+02:00,2026-10-09T08:55:00+03:00,,,,,
synthetic,diverted,2026-10-09,DEMO,101,IST,FRA,DEMO-01,0,1,2026-10-09T09:00:00+03:00,2026-10-09T11:00:00+02:00,2026-10-09T08:55:00+03:00,2026-10-09T09:10:00+03:00,,,,
synthetic,missing-actual,2026-10-09,DEMO,101,IST,FRA,DEMO-01,0,0,2026-10-09T09:00:00+03:00,2026-10-09T11:00:00+02:00,,,,,,
synthetic,dst-fold,2026-10-09,DEMO,101,JFK,LAX,DEMO-01,0,0,2026-11-01T01:30:00,2026-11-01T10:00:00Z,,,,,America/New_York,
synthetic,reversed-gates,2026-10-09,DEMO,101,IST,FRA,DEMO-01,0,0,2026-10-09T09:00:00+03:00,2026-10-09T11:00:00+02:00,2026-10-09T08:55:00+03:00,,,2026-10-09T05:50:00Z,,
synthetic,on-time,2026-10-09,DEMO,101,IST,FRA,DEMO-01,0,0,2026-10-09T09:00:00+03:00,2026-10-09T11:00:00+02:00,2026-10-09T08:55:00+03:00,2026-10-09T09:10:00+03:00,2026-10-09T11:05:00+02:00,2026-10-09T11:14:00+02:00,,
synthetic,conflict,2026-10-09,DEMO,102,IST,FRA,DEMO-01,0,0,2026-10-09T09:00:00+03:00,2026-10-09T11:00:00+02:00,2026-10-09T08:55:00+03:00,2026-10-09T09:10:00+03:00,2026-10-09T11:05:00+02:00,2026-10-09T11:14:00+02:00,,
synthetic,conflict,2026-10-09,DEMO,103,IST,FRA,DEMO-01,0,0,2026-10-09T09:00:00+03:00,2026-10-09T11:00:00+02:00,2026-10-09T08:55:00+03:00,2026-10-09T09:10:00+03:00,2026-10-09T11:05:00+02:00,2026-10-09T11:14:00+02:00,,
